<launch>
  <!-- AMCL Localization -->
  <node pkg="amcl" type="amcl" name="amcl" output="screen">
    <param name="odom_frame_id" value="odom" />
    <param name="base_frame_id" value="base_link" />
    <param name="global_frame_id" value="map" />
    <param name="scan_topic" value="scan" />
    <param name="use_map_topic" value="true" />
  </node>

  <!-- Move Base -->
  <node pkg="move_base" type="move_base" name="move_base" output="screen">
    <param name="base_global_planner" value="navfn/NavfnROS"/>
    <param name="base_local_planner" value="base_local_planner/TrajectoryPlannerROS"/>
    <rosparam file="$(find turtlebot3_navigation)/param/costmap_common_params.yaml" command="load" ns="global_costmap" />
    <rosparam file="$(find turtlebot3_navigation)/param/costmap_common_params.yaml" command="load" ns="local_costmap" />
    <rosparam file="$(find turtlebot3_navigation)/param/local_costmap_params.yaml" command="load" />
    <rosparam file="$(find turtlebot3_navigation)/param/global_costmap_params.yaml" command="load" />
    <rosparam file="$(find turtlebot3_navigation)/param/dwa_local_planner_params.yaml" command="load" />
  </node>
</launch>
